<?xml version="1.0" encoding="utf-8"?>
<feed xmlns="http://www.w3.org/2005/Atom"
    xmlns:rdf="http://www.w3.org/1999/02/22-rdf-syntax-ns#"
    xmlns:leap2="http://terms.leapspecs.org/"
    xmlns:categories="http://wiki.leapspecs.org/2A/categories/"
    xmlns:portfolio="https://eportfolio.u-pec.fr/export/leap/2943/1632402251/"
    xmlns:mahara="http://wiki.mahara.org/Developer_Area/Import%2F%2FExport/LEAP_Extensions#"
>
    <leap2:version>http://www.leapspecs.org/2010-07/2A/</leap2:version>
    <id>https://eportfolio.u-pec.fr/export/2943/1632402251</id>
    <title>Mahara Leap2A Export for BRENO LACERDA HELT, 23/09/2021 15:04</title>
    <updated>2021-09-23T15:03:11+02:00</updated>
    <generator uri="https://mahara.org/" version="2008122400">Mahara</generator>
    <author>
        <name>BRENO LACERDA HELT</name>
        <email>breno.lacerda-helt@etu.u-pec.fr</email>
        <uri>portfolio:artefactinternal</uri>
    </author>

    <entry>
        <title>Profile page</title>
        <id>portfolio:view23837</id>

        <updated>2021-09-23T14:02:46+02:00</updated>
        <published>2021-09-23T14:02:28+02:00</published>
        <summary>Your profile page is what others see when they click on your name or profile picture.</summary>
        <content type="xhtml"><div xmlns="http://www.w3.org/1999/xhtml"><div><div id="user_row_1" class="clearfix">
    <div class="row-content">
    <div id="user_row_1_column_1" class="column-layout columns1 first last col-width-100" style="width:100%;">
    <div class="column-content">
        <div class="bt-profileinfo panel panel-secondary clearfix" id="user_blockinstance_98740">
            <h3 class="title panel-heading js-heading">
            

            About me
            


            

        </h3>
    

    <div class="block" id="user_blockinstance_98740_target">
        <div class="panel-body flush">
    <div class="user-icon pull-right">
        <img src="https://eportfolio.u-pec.fr/thumb.php?type=profileiconbyid&amp;id=62812&amp;view=23837&amp;maxwidth=80" alt="Image du profil de Breno Lacerda helt" /></div>



    <ul class="unstyled profile-info"><li><strong>Prénom:</strong> BRENO</li>
            
                                    <li><strong>Pays:</strong> France</li>
            
                                    <li><strong>Nom:</strong> LACERDA HELT</li>
            
                                    <li><strong>Identifiant étudiant:</strong> u32101501</li>
            
                                    <li><strong>Nom préféré:</strong> Breno Lacerda helt</li>
            
                                    <li><strong>Adresse de courriel:</strong> <a href="mailto:breno.lacerda-helt@etu.u-pec.fr">breno.lacerda-helt@etu.u-pec.fr</a></li>
            
        
    </ul></div>


        
    </div>
</div>
<div class="bt-myviews panel panel-secondary clearfix" id="user_blockinstance_98739">
            <h3 class="title panel-heading js-heading">
            

            My portfolios
            


            

        </h3>
    

    <div class="block" id="user_blockinstance_98739_target">
            <div class="list-group">
        <div id="user_myviewlist" class="list-group">
                <div class="list-group-item">
        <a href="https://eportfolio.u-pec.fr/view/view.php?id=23855" class="outer-link">
            <span class="sr-only">Découverte de Mahara</span>
        </a>

        <h4 class="title list-group-item-heading text-inline">
            <a href="https://eportfolio.u-pec.fr/view/view.php?id=23855">Découverte de Mahara</a>
        </h4>

        
        
                <div class="list-group-item-text text-small">
            Mes premiers pas sur Mahara.
        </div>
        

        
    </div>


        </div>
            <div id="user_myviews_page_container" class="hidden"><div id="user_myviews_pagination" class="pagination-wrapper center"><div class="lead text-small results pull-right">1 résultat</div></div></div>
    
        </div>




        
    </div>
</div>
<div class="bt-mygroups panel panel-secondary clearfix" id="user_blockinstance_98738">
            <h3 class="title panel-heading js-heading">
            

            Mes groupes
            


            

        </h3>
    

    <div class="block" id="user_blockinstance_98738_target">
            <div class="panel-body">
        <p class="no-results-small">Affilié à aucun groupe</p>
    </div>



        
    </div>
</div>
<div class="bt-myfriends panel panel-secondary clearfix" id="user_blockinstance_98737">
            <h3 class="title panel-heading js-heading">
            

            Mes contacts
            


            

        </h3>
    

    <div class="block" id="user_blockinstance_98737_target">
        <div class="friends panel-body">
    <div id="user_userfriendstable">
       <div class="js-masonry user-thumbnails">
            <a href="https://eportfolio.u-pec.fr/user/view.php?id=2949" class="item user-icon metadata user-icon-larger d0">
            <img src="https://eportfolio.u-pec.fr/thumb.php?type=profileiconbyid&amp;maxwidth=100&amp;maxheight=100&amp;id=62865" alt="Image du profil de Fabio Da conceicao felgueiras" height="100" /></a><p class="member-name"><a href="https://eportfolio.u-pec.fr/user/view.php?id=2949" class="item user-icon metadata user-icon-larger d0">Fabio Da conceicao felgueiras</a></p><a href="https://eportfolio.u-pec.fr/user/view.php?id=2949" class="item user-icon metadata user-icon-larger d0">
        </a>
            <a href="https://eportfolio.u-pec.fr/user/view.php?id=2941" class="item user-icon metadata user-icon-larger d1">
            <img src="https://eportfolio.u-pec.fr/thumb.php?type=profileiconbyid&amp;maxwidth=100&amp;maxheight=100&amp;id=62860" alt="Image du profil de Jananthan" height="100" /></a><p class="member-name"><a href="https://eportfolio.u-pec.fr/user/view.php?id=2941" class="item user-icon metadata user-icon-larger d1">Jananthan</a></p><a href="https://eportfolio.u-pec.fr/user/view.php?id=2941" class="item user-icon metadata user-icon-larger d1">
        </a>
            <a href="https://eportfolio.u-pec.fr/user/view.php?id=2947" class="item user-icon metadata user-icon-larger d0">
            <img src="https://eportfolio.u-pec.fr/thumb.php?type=profileiconbyid&amp;maxwidth=100&amp;maxheight=100&amp;id=62796" alt="Image du profil de Kishanthan Ratnalingam" height="100" /></a><p class="member-name"><a href="https://eportfolio.u-pec.fr/user/view.php?id=2947" class="item user-icon metadata user-icon-larger d0">Kishanthan Ratnalingam</a></p><a href="https://eportfolio.u-pec.fr/user/view.php?id=2947" class="item user-icon metadata user-icon-larger d0">
        </a>
            <a href="https://eportfolio.u-pec.fr/user/view.php?id=2948" class="item user-icon metadata user-icon-larger d1">
            <img src="https://eportfolio.u-pec.fr/thumb.php?type=profileiconbyid&amp;maxwidth=100&amp;maxheight=100&amp;id=62808" alt="Image du profil de Suthyshan Sutharsan" height="100" /></a><p class="member-name"><a href="https://eportfolio.u-pec.fr/user/view.php?id=2948" class="item user-icon metadata user-icon-larger d1">Suthyshan Sutharsan</a></p><a href="https://eportfolio.u-pec.fr/user/view.php?id=2948" class="item user-icon metadata user-icon-larger d1">
        </a>
    

</div>


    </div>
    <div id="user_myfriends_page_container" class="hidden">
        
    </div>
    </div>


        
    </div>
</div>
<div class="bt-wall panel panel-secondary clearfix" id="user_blockinstance_98736">
            <h3 class="title panel-heading js-heading">
            

            Mur
            


            

        </h3>
    

    <div class="block" id="user_blockinstance_98736_target">
        <div id="user_wall-wrap" class="panel-form"><p class="metadata">Au maximum 1500 caractères par message.</p><div>Envoyer <span class="requiredmarker">*</span></div><div class="makeprivate checkbox form-group">Rendre votre message privé ? <div class="form-switch">    <div class="switch" style="width:61px;">            <span class="switch-inner"></span>            <span class="switch-indicator"></span>            <span class="state-label on">Yes</span>            <span class="state-label off">No</span>            </div></div></div><div class="form-group"></div></div><div id="user_wall" class="wall">
            <div class="lead text-small text-center">Aucun message à afficher sur le mur</div>
    
    
</div>
    <a href="https://eportfolio.u-pec.fr/blocktype/wall/wall.php?id=98736" class="detail-link link-blocktype"><span class="icon icon-arrow-circle-right"></span> Voir tout le mur</a>



        
    </div>
</div>

    </div>
</div>

    </div>
</div>
<div id="user_row_2" class="clearfix">
    <div class="row-content">
    <div id="user_row_2_column_1" class="column-layout columns3 first col-width-33" style="width:31%;">
    <div class="column-content">
        
    </div>
</div>
<div id="user_row_2_column_2" class="column-layout columns3 col-width-33" style="width:31%;">
    <div class="column-content">
        
    </div>
</div>
<div id="user_row_2_column_3" class="column-layout columns3 last col-width-33" style="width:31%;">
    <div class="column-content">
        <div class="bt-socialprofile panel panel-secondary clearfix" id="user_blockinstance_98813">
            <h3 class="title panel-heading js-heading">
            

            Réseaux sociaux
            


            

        </h3>
    

    <div class="block" id="user_blockinstance_98813_target">
        <div class="panel-body flush">


</div>


        
    </div>
</div>

    </div>
</div>

    </div>
</div>
</div></div></content>
        <rdf:type rdf:resource="leap2:selection"/>

        <link rel="leap2:has_part" href="portfolio:artefact62743"/>
        <link rel="leap2:has_part" href="portfolio:artefact62782"/>
        <link rel="leap2:has_part" href="portfolio:artefact62744"/>
        <link rel="leap2:has_part" href="portfolio:artefact62745"/>
        <link rel="leap2:has_part" href="portfolio:artefact62746"/>


        <category term="Webpage" scheme="categories:selection_type#"/>





        <mahara:view mahara:layout="33,33,33-100" mahara:type="profile" mahara:ownerformat="6">
          <mahara:row>
            <mahara:column>
                <mahara:blockinstance mahara:blocktype="profileinfo" mahara:blocktitle="About me">
                    <mahara:fields>[[&quot;firstname&quot;,&quot;country&quot;,&quot;lastname&quot;,&quot;studentid&quot;,&quot;preferredname&quot;]]</mahara:fields>
                    <mahara:email>[&quot;breno.lacerda-helt@etu.u-pec.fr&quot;]</mahara:email>
                    <mahara:artefactid>[&quot;portfolio:artefact62812&quot;]</mahara:artefactid>
                    <mahara:introtext>[&quot;&quot;]</mahara:introtext>

                </mahara:blockinstance>
                <mahara:blockinstance mahara:blocktype="myviews" mahara:blocktitle="My pages">

                </mahara:blockinstance>
                <mahara:blockinstance mahara:blocktype="mygroups" mahara:blocktitle="My groups">

                </mahara:blockinstance>
                <mahara:blockinstance mahara:blocktype="myfriends" mahara:blocktitle="My friends">

                </mahara:blockinstance>
                <mahara:blockinstance mahara:blocktype="wall" mahara:blocktitle="Wall">

                </mahara:blockinstance>

            </mahara:column>

          </mahara:row>
          <mahara:row>
            <mahara:column>

            </mahara:column>
            <mahara:column>

            </mahara:column>
            <mahara:column>
                <mahara:blockinstance mahara:blocktype="socialprofile" mahara:blocktitle="Réseaux sociaux">

                </mahara:blockinstance>

            </mahara:column>

          </mahara:row>

        </mahara:view>
    </entry>

    <entry>
        <title>Dashboard page</title>
        <id>portfolio:view23838</id>

        <updated>2021-09-23T14:02:28+02:00</updated>
        <published>2021-09-23T14:02:28+02:00</published>

        <content type="xhtml"><div xmlns="http://www.w3.org/1999/xhtml"><div><div id="user_row_1" class="clearfix">
    <div class="row-content">
    <div id="user_row_1_column_1" class="column-layout columns2 first col-width-50" style="width:48%;">
    <div class="column-content">
        <div class="bt-newviews panel panel-secondary clearfix" id="user_blockinstance_98744">
            <h3 class="title panel-heading js-heading">
            

            Latest changes I can view
            


            

        </h3>
    

    <div class="block" id="user_blockinstance_98744_target">
        <div class="list-group">
        <div class="list-group-item">
        <h4 class="list-group-item-heading text-inline">
            <a href="https://eportfolio.u-pec.fr/view/view.php?id=23855">Découverte de Mahara</a>
        </h4>
        <span class="text-small text-midtone"></span>
                <div class="groupuserdate text-small">
                                            <a href="https://eportfolio.u-pec.fr/user/view.php?id=2943" class="text-link">
                    BRENO
                </a>
            
        
            <span class="postedon text-midtone">
                -                     Mis à jour
                
                23 septembre 2021
            </span>
        </div>
                <p class="detail list-group-item-text text-small">
            Mes premiers pas sur Mahara.
        </p>
        
    </div>
        <div class="list-group-item">
        <h4 class="list-group-item-heading text-inline">
            <a href="https://eportfolio.u-pec.fr/view/view.php?id=23292">Présentation</a>
        </h4>
        <span class="text-small text-midtone">(4 pages)</span>
                <div class="groupuserdate text-small">
                                            <a href="https://eportfolio.u-pec.fr/user/view.php?id=2737" class="text-link">
                    Nicolas Bugielski
                </a>
            
        
            <span class="postedon text-midtone">
                -                     Mis à jour
                
                22 septembre 2021
            </span>
        </div>
        
    </div>
        <div class="list-group-item">
        <h4 class="list-group-item-heading text-inline">
            <a href="https://eportfolio.u-pec.fr/view/view.php?id=23336">LGi2A</a>
        </h4>
        <span class="text-small text-midtone">(4 pages)</span>
                <div class="groupuserdate text-small">
                                            <a href="https://eportfolio.u-pec.fr/user/view.php?id=2737" class="text-link">
                    Nicolas Bugielski
                </a>
            
        
            <span class="postedon text-midtone">
                -                     Mis à jour
                
                22 septembre 2021
            </span>
        </div>
        
    </div>
        <div class="list-group-item">
        <h4 class="list-group-item-heading text-inline">
            <a href="https://eportfolio.u-pec.fr/view/view.php?id=23337">Compétences</a>
        </h4>
        <span class="text-small text-midtone">(5 pages)</span>
                <div class="groupuserdate text-small">
                                            <a href="https://eportfolio.u-pec.fr/user/view.php?id=2737" class="text-link">
                    Nicolas Bugielski
                </a>
            
        
            <span class="postedon text-midtone">
                -                     Mis à jour
                
                22 septembre 2021
            </span>
        </div>
        
    </div>
        <div class="list-group-item">
        <h4 class="list-group-item-heading text-inline">
            <a href="https://eportfolio.u-pec.fr/view/view.php?id=23335">Activités d'entreprise</a>
        </h4>
        <span class="text-small text-midtone">(6 pages)</span>
                <div class="groupuserdate text-small">
                                            <a href="https://eportfolio.u-pec.fr/user/view.php?id=2737" class="text-link">
                    Nicolas Bugielski
                </a>
            
        
            <span class="postedon text-midtone">
                -                     Mis à jour
                
                22 septembre 2021
            </span>
        </div>
        
    </div>
    
</div>



        
    </div>
</div>
<div class="bt-myviews panel panel-secondary clearfix" id="user_blockinstance_98743">
            <h3 class="title panel-heading js-heading">
            

            My portfolios
            


            

        </h3>
    

    <div class="block" id="user_blockinstance_98743_target">
            <div class="list-group">
        <div id="user_myviewlist" class="list-group">
                <div class="list-group-item">
        <a href="https://eportfolio.u-pec.fr/view/view.php?id=23855" class="outer-link">
            <span class="sr-only">Découverte de Mahara</span>
        </a>

        <h4 class="title list-group-item-heading text-inline">
            <a href="https://eportfolio.u-pec.fr/view/view.php?id=23855">Découverte de Mahara</a>
        </h4>

        
        
                <div class="list-group-item-text text-small">
            Mes premiers pas sur Mahara.
        </div>
        

        
    </div>


        </div>
            <div id="user_myviews_page_container" class="hidden"><div id="user_myviews_pagination" class="pagination-wrapper center"><div class="lead text-small results pull-right">1 résultat</div></div></div>
    
        </div>




        
    </div>
</div>

    </div>
</div>
<div id="user_row_1_column_2" class="column-layout columns2 last col-width-50" style="width:48%;">
    <div class="column-content">
        <div class="bt-inbox panel panel-secondary clearfix" id="user_blockinstance_98741">
            <h3 class="title panel-heading js-heading">
            

            Boîte de réception
            


            

        </h3>
    

    <div class="block" id="user_blockinstance_98741_target">
            <div id="user_inboxblock" class="inboxblock list-group">
                <div class="has-attachment panel-default collapsible list-group-item">
                            <a class="collapsed link-block" href="#message_content_maharamessage_46356">
                                            <span class="icon icon-wrench text-default left"></span>
                    
                    <span class="sr-only"></span>
                    Nouvelle demande d'ajout à la iste des...
                    <span class="icon icon-chevron-down collapse-indicator pull-right text-small"></span>
                </a>
            
            <div class="collapse" id="user_message_content_maharamessage_46356">
                                    <p class="content-text">Suthyshan Sutharsan vous demande de l'ajouter à votre liste de contacts. Vous pouvez accepter cette demande soit en cliquant sur le lien ci-dessous, soit en allant sur la page contenant la liste de vos contacts. La raison qui est accompagne cette demande est :<br />
    gg</p>
                                        <a href="https://eportfolio.u-pec.fr/user/view.php?id=2948" class="text-small">
                        Demandes d'affiliation <span class="icon icon-arrow-right mls icon-sm"></span>
                    </a>
                    
                    
                
            </div>
        </div>
                <div class="has-attachment panel-default collapsible list-group-item">
                            <a class="collapsed link-block" href="#message_content_usermessage_426">
                                            <span class="icon icon-envelope text-default left"></span>
                    
                    <span class="sr-only"></span>
                    Welcome Letter
                    <span class="icon icon-chevron-down collapse-indicator pull-right text-small"></span>
                </a>
            
            <div class="collapse" id="user_message_content_usermessage_426">
                                    <p class="content-text">Hello, welcome in my friend list !<br />
Cordialement,<br /><br />Brawlstars french monster</p>
                    
                                            <a title="Reply" href="https://eportfolio.u-pec.fr/module/multirecipientnotification/sendmessage.php?id=2947&amp;replyto=426&amp;returnto=outbox" class="text-small">
                            <span class="icon icon-reply left icon-sm"></span>
                            Reply
                        </a>
                    
                
            </div>
        </div>
                <div class="has-attachment panel-default collapsible list-group-item">
                            <a class="collapsed link-block" href="#message_content_usermessage_425">
                                            <span class="icon icon-envelope text-default left"></span>
                    
                    <span class="sr-only"></span>
                    Welcome Letter 
                    <span class="icon icon-chevron-down collapse-indicator pull-right text-small"></span>
                </a>
            
            <div class="collapse" id="user_message_content_usermessage_425">
                                    <p class="content-text">Hello, welcome in my friend list !<br />
Cordialement,<br /><br />Brawlstars french monster</p>
                    
                                            <a title="Reply" href="https://eportfolio.u-pec.fr/module/multirecipientnotification/sendmessage.php?id=2947&amp;replyto=425&amp;returnto=outbox" class="text-small">
                            <span class="icon icon-reply left icon-sm"></span>
                            Reply
                        </a>
                    
                
            </div>
        </div>
                <div class="has-attachment panel-default collapsible list-group-item">
                            <a class="collapsed link-block" href="#message_content_maharamessage_46352">
                                            <span class="icon icon-wrench text-default left"></span>
                    
                    <span class="sr-only"></span>
                    Demande de rejoindre la liste de contacts acceptée
                    <span class="icon icon-chevron-down collapse-indicator pull-right text-small"></span>
                </a>
            
            <div class="collapse" id="user_message_content_maharamessage_46352">
                                    <p class="content-text">Kishanthan Ratnalingam a accepté votre demande et a été ajouté à votre liste de contacts</p>
                                        <a href="https://eportfolio.u-pec.fr/user/view.php?id=2947" class="text-small">
                        Plus... <span class="icon icon-arrow-right mls icon-sm"></span>
                    </a>
                    
                    
                
            </div>
        </div>
                <div class="has-attachment panel-default collapsible list-group-item">
                            <a class="collapsed link-block" href="#message_content_maharamessage_46349">
                                            <span class="icon icon-wrench text-default left"></span>
                    
                    <span class="sr-only"></span>
                    Demande de rejoindre la liste de contacts acceptée
                    <span class="icon icon-chevron-down collapse-indicator pull-right text-small"></span>
                </a>
            
            <div class="collapse" id="user_message_content_maharamessage_46349">
                                    <p class="content-text">Fabio Da conceicao felgueiras a accepté votre demande et a été ajouté à votre liste de contacts</p>
                                        <a href="https://eportfolio.u-pec.fr/user/view.php?id=2949" class="text-small">
                        Plus... <span class="icon icon-arrow-right mls icon-sm"></span>
                    </a>
                    
                    
                
            </div>
        </div>
        
    </div>
        <div class="artefact-detail-link">
        <a class="link-blocktype last" href="https://eportfolio.u-pec.fr/module/multirecipientnotification/inbox.php?type=feedback,groupmessage,institutionmessage,maharamessage,usermessage,viewaccess,watchlist,wallpost">
        <span class="icon icon-arrow-circle-right"></span>
        Plus</a>
    </div>
    



        
                            <a href="https://eportfolio.u-pec.fr/module/multirecipientnotification/inbox.php" class="detail-link link-blocktype"><span class="icon icon-link"></span> Description alternative du lien</a>
            
        
    </div>
</div>
<div class="bt-inbox panel panel-secondary clearfix" id="user_blockinstance_98742">
            <h3 class="title panel-heading js-heading">
            

            Sujets que je suis
            


            

        </h3>
    

    <div class="block" id="user_blockinstance_98742_target">
            <div class="panel-body">
        <p class="lead text-small">Pas de messages</p>
    </div>



        
                            <a href="https://eportfolio.u-pec.fr/module/multirecipientnotification/inbox.php" class="detail-link link-blocktype"><span class="icon icon-link"></span> Description alternative du lien</a>
            
        
    </div>
</div>

    </div>
</div>

    </div>
</div>
</div></div></content>
        <rdf:type rdf:resource="leap2:selection"/>



        <category term="Webpage" scheme="categories:selection_type#"/>





        <mahara:view mahara:layout="50,50" mahara:type="dashboard" mahara:ownerformat="6">
          <mahara:row>
            <mahara:column>
                <mahara:blockinstance mahara:blocktype="newviews" mahara:blocktitle="">
                    <mahara:limit>[5]</mahara:limit>

                </mahara:blockinstance>
                <mahara:blockinstance mahara:blocktype="myviews" mahara:blocktitle="">

                </mahara:blockinstance>

            </mahara:column>
            <mahara:column>
                <mahara:blockinstance mahara:blocktype="inbox" mahara:blocktitle="">
                    <mahara:feedback>[true]</mahara:feedback>
                    <mahara:groupmessage>[true]</mahara:groupmessage>
                    <mahara:institutionmessage>[true]</mahara:institutionmessage>
                    <mahara:maharamessage>[true]</mahara:maharamessage>
                    <mahara:usermessage>[true]</mahara:usermessage>
                    <mahara:viewaccess>[true]</mahara:viewaccess>
                    <mahara:watchlist>[true]</mahara:watchlist>
                    <mahara:maxitems>[&quot;5&quot;]</mahara:maxitems>
                    <mahara:wallpost>[true]</mahara:wallpost>

                </mahara:blockinstance>
                <mahara:blockinstance mahara:blocktype="inbox" mahara:blocktitle="">
                    <mahara:newpost>[true]</mahara:newpost>
                    <mahara:maxitems>[&quot;5&quot;]</mahara:maxitems>

                </mahara:blockinstance>

            </mahara:column>

          </mahara:row>

        </mahara:view>
    </entry>

    <entry>
        <title>Découverte de Mahara</title>
        <id>portfolio:view23855</id>

        <updated>2021-09-23T15:03:05+02:00</updated>
        <published>2021-09-23T14:02:03+02:00</published>
        <summary type="xhtml"><div xmlns="http://www.w3.org/1999/xhtml"><div><p><span id="user_page24R_mcid13" class="markedContent"><span dir="ltr" style="font-size:18.3px;font-family:sans-serif;">Mes premiers pas sur Mahara.</span></span></p></div></div></summary>
        <content type="xhtml"><div xmlns="http://www.w3.org/1999/xhtml"><div><div id="user_row_1" class="clearfix">
    <div class="row-content">
    <div id="user_row_1_column_1" class="column-layout columns3 first col-width-33" style="width:31%;">
    <div class="column-content">
        <div class="bt-text panel panel-secondary clearfix" id="user_blockinstance_98824">
            <h3 class="title panel-heading js-heading">
            

            Présentation
            


            

        </h3>
    

    <div class="block" id="user_blockinstance_98824_target">
        <div class="textblock panel-body flush">
<p>Je suis Breno, j'ai 22 ans, je suis brésilien.</p>
</div>


        
    </div>
</div>

    </div>
</div>
<div id="user_row_1_column_2" class="column-layout columns3 col-width-33" style="width:31%;">
    <div class="column-content">
        <div class="bt-image panel panel-secondary clearfix" id="user_blockinstance_98825">
            <h3 class="title panel-heading js-heading">
            

            Image
            


            

        </h3>
    

    <div class="block" id="user_blockinstance_98825_target">
        <div class="imageblock panel-body">
    <div class="image">
        <a href="https://eportfolio.u-pec.fr/artefact/artefact.php?artefact=62835&amp;view=23855">
            <img rel="leap2:has_part" href="portfolio:artefact62835" alt="" /></a>
    </div>

    
</div>

    <div class="comments pull-left">
        
                    <a class="addcomment link-blocktype" href="https://eportfolio.u-pec.fr/artefact/artefact.php?view=23855&amp;artefact=62835">
                <span class="icon icon-arrow-circle-right"></span>
                Ajouter un commentaire
            </a>
        
    </div>

    <div class="feedback modal modal-docked" id="user_feedbacktable_98825">
        <div class="modal-dialog modal-lg">
            <div class="modal-content">
                <div class="modal-header clearfix">
                    
                        <span class="times">×</span>
                        <span class="sr-only">Fermer</span>
                    
                    <h4 class="modal-title pull-left">
                        <span class="icon icon-lg icon-comments left"></span>
                        Commentaires - 1200px-Atletico_mineiro_galo.png
                    </h4>
                                        <a class="addcomment pull-right" href="https://eportfolio.u-pec.fr/artefact/artefact.php?view=23855&amp;artefact=62835">
                        Ajouter un commentaire
                        <span class="icon icon-arrow-right right"></span>
                    </a>
                    
                </div>
                <div class="modal-body flush">
                
<div class="list-group list-group-lite">

</div>

                </div>
            </div>
        </div>
    </div>




        
                            <a href="https://eportfolio.u-pec.fr/artefact/artefact.php?artefact=62835&amp;view=23855&amp;block=98825" class="detail-link link-blocktype"><span class="icon icon-link"></span> Description alternative du lien</a>
            
        
    </div>
</div>

    </div>
</div>
<div id="user_row_1_column_3" class="column-layout columns3 last col-width-33" style="width:31%;">
    <div class="column-content">
        
    </div>
</div>

    </div>
</div>
</div></div></content>
        <rdf:type rdf:resource="leap2:selection"/>

        <link rel="leap2:has_part" href="portfolio:artefact62835"/>


        <category term="Webpage" scheme="categories:selection_type#"/>





        <mahara:view mahara:layout="33,33,33" mahara:type="portfolio" mahara:ownerformat="1">
          <mahara:row>
            <mahara:column>
                <mahara:blockinstance mahara:blocktype="text" mahara:blocktitle="Présentation">
                    <mahara:text>[&quot;&lt;p&gt;Je suis Breno, j&#039;ai 22 ans, je suis br&amp;eacute;silien.&lt;\/p&gt;&quot;]</mahara:text>

                </mahara:blockinstance>

            </mahara:column>
            <mahara:column>
                <mahara:blockinstance mahara:blocktype="image" mahara:blocktitle="Image">
                    <mahara:artefactid>[&quot;portfolio:artefact62835&quot;]</mahara:artefactid>
                    <mahara:showdescription>[false]</mahara:showdescription>
                    <mahara:width>[&quot;&quot;]</mahara:width>
                    <mahara:retractable>[0]</mahara:retractable>
                    <mahara:removeoncancel>[1]</mahara:removeoncancel>
                    <mahara:sure>[1]</mahara:sure>
                    <mahara:retractedonload>[0]</mahara:retractedonload>

                </mahara:blockinstance>

            </mahara:column>
            <mahara:column>

            </mahara:column>

          </mahara:row>

        </mahara:view>
    </entry>

    <entry>
        <title>Journal de Breno Lacerda helt</title>
        <id>portfolio:artefact62747</id>

        <updated>2021-09-23T14:02:28+02:00</updated>
        <published>2021-09-23T14:02:28+02:00</published>

        <content></content>
        <rdf:type rdf:resource="leap2:selection"/>
        <mahara:artefactplugin mahara:type="blog" mahara:plugin="blog"/>


        <category term="Blog" scheme="categories:selection_type#"/>



    </entry>


    <entry>
        <title>images</title>
        <id>portfolio:artefact62810</id>

        <updated>2021-09-23T14:02:33+02:00</updated>
        <published>2021-09-23T14:02:33+02:00</published>

        <content>Fichiers Image</content>
        <rdf:type rdf:resource="leap2:selection"/>
        <mahara:artefactplugin mahara:type="folder" mahara:plugin="file"/>
        <link rel="leap2:has_part" href="portfolio:artefact62847"/>


        <category term="Folder" scheme="categories:selection_type#"/>



    </entry>


    <entry>
        <title>1200px-Atletico_mineiro_galo.png</title>
        <id>portfolio:artefact62835</id>

        <updated>2021-09-23T14:02:28+02:00</updated>
        <published>2021-09-23T14:02:28+02:00</published>

        <content></content>
        <rdf:type rdf:resource="leap2:resource"/>
        <mahara:artefactplugin mahara:type="image" mahara:plugin="file"/>
        <link rel="enclosure" type="image/png" href="files/0-1200px-Atletico_mineiro_galo.png"/>
        <link rel="leap2:is_part_of" href="portfolio:view23855"/>


        <category term="Offline" scheme="categories:resource_type#" label="File"/>



    </entry>


    <entry>
        <title>index.png</title>
        <id>portfolio:artefact62847</id>

        <updated>2021-09-23T15:03:04+02:00</updated>
        <published>2021-09-23T15:03:04+02:00</published>
        <summary type="">Télécharger une image pour le profil</summary>
        <content></content>
        <rdf:type rdf:resource="leap2:resource"/>
        <mahara:artefactplugin mahara:type="profileicon" mahara:plugin="file"/>
        <link rel="enclosure" type="image/png" href="files/1-index.png"/>
        <link rel="leap2:is_part_of" href="portfolio:artefact62810"/>
        <link rel="related" href="portfolio:artefactinternal"/>


        <category term="Offline" scheme="categories:resource_type#" label="File"/>



    </entry>


    <entry>
        <title>Breno Lacerda helt</title>
        <id>portfolio:artefactinternal</id>

        <updated>2021-09-23T14:02:04+02:00</updated>


        <content type="html">&lt;p&gt;Bonjour, je suis Breno.&lt;/p&gt;</content>
        <rdf:type rdf:resource="leap2:person"/>
        <mahara:artefactplugin mahara:type="internal" mahara:plugin="internal"/>
        <link rel="related" href="portfolio:artefact62847"/>


        <category term="Self" scheme="categories:person_type#"/>





        <leap2:persondata
            mahara:artefactplugin="internal"
            mahara:artefacttype="email"
            leap2:field="email"

            leap2:label="Adresse de courriel"

        >breno.lacerda-helt@etu.u-pec.fr</leap2:persondata>
        <leap2:persondata
            mahara:artefactplugin="internal"
            mahara:artefacttype="firstname"
            leap2:field="legal_given_name"

            leap2:label="Prénom"

        >BRENO</leap2:persondata>
        <leap2:persondata
            mahara:artefactplugin="internal"
            mahara:artefacttype="homenumber"
            leap2:field="homephone"

            leap2:label="Téléphone privé"

        >0766257097</leap2:persondata>
        <leap2:persondata
            mahara:artefactplugin="internal"
            mahara:artefacttype="lastname"
            leap2:field="legal_family_name"

            leap2:label="Nom"

        >LACERDA HELT</leap2:persondata>
        <leap2:persondata
            mahara:artefactplugin="internal"
            mahara:artefacttype="preferredname"
            leap2:field="preferred_given_name"

            leap2:label="Nom préféré"

        >Breno Lacerda helt</leap2:persondata>
        <leap2:persondata
            mahara:artefactplugin="internal"
            mahara:artefacttype="socialprofile"
            leap2:field="website"

            leap2:label="Snapchat"

        >Brenolh</leap2:persondata>
        <leap2:persondata
            mahara:artefactplugin="internal"
            mahara:artefacttype="socialprofile"
            leap2:field="website"

            leap2:label="Twitch"

        >BrenoLH</leap2:persondata>
        <leap2:persondata
            mahara:artefactplugin="internal"
            mahara:artefacttype="studentid"
            leap2:field="other"

            leap2:label="Identifiant étudiant"

        >u32101501</leap2:persondata>

        <leap2:spatial>
            <leap2:addressline mahara:artefacttype="address">3 Route d&#039;Orly</leap2:addressline>
            <leap2:addressline mahara:artefacttype="city">Ile de France</leap2:addressline>
            <leap2:country mahara:artefacttype="country" leap2:countrycode="fra">France</leap2:country>
            <leap2:addressline mahara:artefacttype="town">Villeneuve le Roi</leap2:addressline>

        </leap2:spatial>

    </entry>

</feed>
